{"cameraMode":{"drawMode":0,"name":"Shaded","section":"Shading Mode"},"sceneLighting":false,"audioPlay":false,"sceneViewState":{"m_AlwaysRefresh":false,"showFog":true,"showSkybox":true,"showFlares":true,"showImageEffects":true,"showParticleSystems":true,"showVisualEffectGraphs":true,"m_FxEnabled":true},"in2DMode":false,"pivot":{"x":21.788949966430665,"y":15.701918601989746,"z":7.061770915985107},"rotation":{"x":0.18463283777236939,"y":0.6074071526527405,"z":-0.14787286520004273,"w":0.758372962474823},"size":0.10906672477722168,"orthographic":false}