{"cameraMode":{"drawMode":0,"name":"Shaded","section":"Shading Mode"},"sceneLighting":true,"audioPlay":false,"sceneViewState":{"m_AlwaysRefresh":false,"showFog":true,"showSkybox":true,"showFlares":true,"showImageEffects":true,"showParticleSystems":true,"showVisualEffectGraphs":true,"m_FxEnabled":true},"in2DMode":false,"pivot":{"x":-199.43856811523438,"y":-81.40579986572266,"z":150.49424743652345},"rotation":{"x":0.16272230446338654,"y":-0.4822057783603668,"z":0.09156651049852371,"w":0.8559783697128296},"size":147.97091674804688,"orthographic":false}